{
  "error": {
    "code": 401,
    "message": "Request had invalid authentication credentials. Expected OAuth 2 access token, login cookie or other valid authentication credential. See https://developers.google.com/identity/sign-in/web/devconsole-project.",
    "errors": [
      {
        "message": "Invalid Credentials",
        "domain": "global",
        "reason": "authError",
        "location": "Authorization",
        "locationType": "header"
      }
    ],
    "status": "UNAUTHENTICATED"
  }
}
